id_assistenciacancelada,id_produto,id_prestador,codigo,dataassis,nome_segurado,servico,enderecoretirada,enderecoentrega,veiculo,valorsaida,valorhoraparada,valorhoratrabalhada,valortotalassist,motivo
1,3,9,7715,2024-01-07,Fernanda Lima,Troca de Pneus,Avenida Paulista,Rua das Flores,Fiat Uno,80.00,40.0,40.0,160.00,Cancelado pela Seguradora
2,3,12,9073,2024-01-05,Maria Oliveira,Carga de Bateria,Praça da Sé,Rua dos Pinheiros,Chevrolet Onix,80.00,,40.0,120.00,Tempo expirado
3,3,7,3983,2024-01-05,Carlos Souza,Carga de Bateria,Rua das Flores,Rua dos Pinheiros,Chevrolet Onix,80.00,,,80.00,Cancelado pela Seguradora
4,2,3,6839,2024-01-13,Carlos Souza,Carga de Bateria,Avenida Paulista,Rua dos Pinheiros,Chevrolet Onix,80.00,,40.0,120.00,Cancelado pelo Prestador
5,1,13,9334,2024-01-21,Paulo Almeida,Carga de Bateria,Rua dos Pinheiros,Praça da Sé,Honda Civic,80.00,,40.0,120.00,Cancelado pelo Prestador
6,1,6,4891,2024-01-17,João Silva,Troca de Pneus,Rua dos Pinheiros,Rua das Flores,Honda Civic,80.00,40.0,40.0,160.00,Cancelado pelo Cliente
7,3,8,2990,2024-01-11,Paulo Almeida,Carga de Bateria,Avenida Paulista,Rua XV de Novembro,Chevrolet Onix,80.00,40.0,40.0,160.00,Cancelado pelo Cliente
8,1,16,2595,2024-01-25,Paulo Almeida,Troca de Pneus,Rua XV de Novembro,Rua XV de Novembro,Ford Ka,80.00,40.0,40.0,160.00,Tempo expirado
9,2,7,5278,2024-01-08,Carlos Souza,Carga de Bateria,Praça da Sé,Rua dos Pinheiros,Fiat Uno,80.00,,40.0,120.00,Cancelado pela Seguradora
10,2,11,2181,2024-01-12,Paulo Almeida,Carga de Bateria,Rua XV de Novembro,Praça da Sé,Ford Ka,80.00,,,80.00,Cancelado pela Seguradora
11,1,18,8495,2024-01-26,Fernanda Lima,Carga de Bateria,Rua das Flores,Avenida Paulista,Chevrolet Onix,80.00,40.0,,120.00,Cancelado pela Seguradora
12,3,12,4335,2024-01-14,Maria Oliveira,Carga de Bateria,Rua das Flores,Avenida Paulista,Fiat Uno,80.00,,,80.00,Tempo expirado
13,1,19,4502,2024-01-01,Paulo Almeida,Remoção,Avenida Paulista,Rua dos Pinheiros,Chevrolet Onix,180.00,,,180.00,Cancelado pelo Prestador
14,2,9,5511,2024-01-19,Fernanda Lima,Remoção,Rua XV de Novembro,Avenida Paulista,Fiat Uno,180.00,40.0,,220.00,Tempo expirado
15,3,12,1206,2024-01-01,Paulo Almeida,Remoção,Praça da Sé,Praça da Sé,Honda Civic,180.00,,40.0,220.00,Cancelado pelo Cliente
16,1,16,6085,2024-01-14,Carlos Souza,Carga de Bateria,Rua das Flores,Rua dos Pinheiros,Fiat Uno,80.00,,40.0,120.00,Cancelado pela Seguradora
17,3,10,8680,2024-01-24,Paulo Almeida,Troca de Pneus,Rua XV de Novembro,Avenida Paulista,Fiat Uno,80.00,40.0,,120.00,Tempo expirado
18,3,5,1193,2024-01-20,Carlos Souza,Troca de Pneus,Avenida Paulista,Rua dos Pinheiros,Chevrolet Onix,80.00,40.0,40.0,160.00,Cancelado pela Seguradora
19,2,2,2204,2024-01-14,Maria Oliveira,Carga de Bateria,Avenida Paulista,Rua XV de Novembro,Toyota Corolla,80.00,,,80.00,Cancelado pelo Prestador
20,3,8,4214,2024-01-17,Paulo Almeida,Remoção,Rua XV de Novembro,Rua das Flores,Honda Civic,180.00,,,180.00,Tempo expirado
21,1,13,5194,2024-01-12,Maria Oliveira,Remoção,Avenida Paulista,Rua das Flores,Toyota Corolla,180.00,,,180.00,Cancelado pela Seguradora
22,1,5,2414,2024-01-18,Maria Oliveira,Carga de Bateria,Rua XV de Novembro,Praça da Sé,Ford Ka,80.00,40.0,,120.00,Cancelado pela Seguradora
23,2,8,8144,2024-01-07,Paulo Almeida,Troca de Pneus,Rua dos Pinheiros,Avenida Paulista,Ford Ka,80.00,40.0,40.0,160.00,Tempo expirado
24,2,4,5256,2024-01-11,João Silva,Remoção,Praça da Sé,Praça da Sé,Toyota Corolla,180.00,,40.0,220.00,Cancelado pela Seguradora
25,2,14,3089,2024-01-10,Carlos Souza,Carga de Bateria,Avenida Paulista,Rua das Flores,Chevrolet Onix,80.00,40.0,40.0,160.00,Cancelado pela Seguradora
26,2,17,6278,2024-01-13,Fernanda Lima,Carga de Bateria,Rua dos Pinheiros,Avenida Paulista,Fiat Uno,80.00,,40.0,120.00,Cancelado pela Seguradora
27,3,9,2778,2024-01-07,Maria Oliveira,Troca de Pneus,Rua XV de Novembro,Praça da Sé,Ford Ka,80.00,,40.0,120.00,Cancelado pela Seguradora
28,3,10,5748,2024-01-07,Carlos Souza,Troca de Pneus,Rua dos Pinheiros,Praça da Sé,Honda Civic,80.00,,40.0,120.00,Cancelado pela Seguradora
29,2,7,2433,2024-01-17,Maria Oliveira,Troca de Pneus,Rua das Flores,Rua dos Pinheiros,Toyota Corolla,80.00,40.0,,120.00,Cancelado pelo Prestador
30,1,2,9340,2024-01-17,Fernanda Lima,Troca de Pneus,Rua XV de Novembro,Avenida Paulista,Toyota Corolla,80.00,,40.0,120.00,Cancelado pelo Prestador
31,1,6,9302,2024-01-14,Carlos Souza,Carga de Bateria,Rua XV de Novembro,Rua XV de Novembro,Chevrolet Onix,80.00,,,80.00,Tempo expirado
32,3,17,4446,2024-02-01,Maria Oliveira,Remoção,Avenida Paulista,Rua das Flores,Ford Ka,180.00,40.0,40.0,260.00,Cancelado pelo Cliente
33,2,6,8284,2024-02-03,Carlos Souza,Carga de Bateria,Rua das Flores,Avenida Paulista,Fiat Uno,80.00,40.0,,120.00,Cancelado pelo Cliente
34,1,4,6947,2024-02-14,João Silva,Remoção,Praça da Sé,Rua XV de Novembro,Fiat Uno,180.00,40.0,,220.00,Cancelado pelo Cliente
35,1,7,2727,2024-02-15,Maria Oliveira,Troca de Pneus,Rua dos Pinheiros,Rua das Flores,Fiat Uno,80.00,40.0,40.0,160.00,Tempo expirado
36,2,2,5705,2024-02-26,Carlos Souza,Carga de Bateria,Rua das Flores,Rua dos Pinheiros,Chevrolet Onix,80.00,,,80.00,Cancelado pelo Prestador
37,3,17,1970,2024-02-25,João Silva,Remoção,Avenida Paulista,Rua das Flores,Ford Ka,180.00,,,180.00,Tempo expirado
38,3,8,3823,2024-02-16,Maria Oliveira,Carga de Bateria,Avenida Paulista,Praça da Sé,Fiat Uno,80.00,,40.0,120.00,Cancelado pelo Prestador
39,1,3,4032,2024-02-07,Paulo Almeida,Remoção,Rua XV de Novembro,Rua dos Pinheiros,Ford Ka,180.00,40.0,40.0,260.00,Cancelado pelo Prestador
40,1,3,2221,2024-02-03,Carlos Souza,Carga de Bateria,Praça da Sé,Rua dos Pinheiros,Toyota Corolla,80.00,,,80.00,Cancelado pelo Cliente
41,2,8,6187,2024-02-20,Paulo Almeida,Troca de Pneus,Rua dos Pinheiros,Avenida Paulista,Ford Ka,80.00,,40.0,120.00,Tempo expirado
42,1,5,9896,2024-02-23,Carlos Souza,Troca de Pneus,Rua XV de Novembro,Rua XV de Novembro,Chevrolet Onix,80.00,,40.0,120.00,Cancelado pelo Prestador
43,3,1,1809,2024-02-12,Fernanda Lima,Carga de Bateria,Rua dos Pinheiros,Praça da Sé,Fiat Uno,80.00,40.0,,120.00,Tempo expirado
44,3,7,6144,2024-02-08,Paulo Almeida,Troca de Pneus,Rua das Flores,Praça da Sé,Fiat Uno,80.00,40.0,40.0,160.00,Cancelado pelo Cliente
45,1,1,5699,2024-02-27,Paulo Almeida,Carga de Bateria,Praça da Sé,Praça da Sé,Honda Civic,80.00,40.0,,120.00,Cancelado pelo Prestador
46,1,19,3314,2024-02-26,Fernanda Lima,Carga de Bateria,Rua dos Pinheiros,Avenida Paulista,Honda Civic,80.00,,,80.00,Cancelado pelo Prestador
47,2,14,9271,2024-02-06,Paulo Almeida,Carga de Bateria,Rua das Flores,Praça da Sé,Chevrolet Onix,80.00,,,80.00,Cancelado pela Seguradora
48,2,19,2915,2024-02-25,Maria Oliveira,Remoção,Praça da Sé,Avenida Paulista,Honda Civic,180.00,40.0,,220.00,Tempo expirado
49,2,8,8890,2024-02-11,Carlos Souza,Remoção,Avenida Paulista,Rua dos Pinheiros,Toyota Corolla,180.00,40.0,40.0,260.00,Cancelado pelo Cliente
50,1,7,7438,2024-02-08,João Silva,Remoção,Praça da Sé,Rua dos Pinheiros,Honda Civic,180.00,40.0,40.0,260.00,Cancelado pelo Cliente
51,1,1,8222,2024-02-05,João Silva,Remoção,Avenida Paulista,Praça da Sé,Ford Ka,180.00,,40.0,220.00,Cancelado pelo Prestador
52,3,8,6623,2024-02-20,Maria Oliveira,Troca de Pneus,Rua dos Pinheiros,Rua das Flores,Ford Ka,80.00,40.0,,120.00,Cancelado pelo Prestador
53,3,2,5145,2024-02-27,Carlos Souza,Troca de Pneus,Avenida Paulista,Rua XV de Novembro,Ford Ka,80.00,,40.0,120.00,Cancelado pela Seguradora
54,2,3,6991,2024-03-13,João Silva,Troca de Pneus,Rua XV de Novembro,Rua XV de Novembro,Toyota Corolla,80.00,,,80.00,Tempo expirado
55,3,19,5612,2024-03-06,Maria Oliveira,Carga de Bateria,Rua dos Pinheiros,Rua XV de Novembro,Ford Ka,80.00,40.0,,120.00,Cancelado pela Seguradora
56,2,15,7375,2024-03-15,Carlos Souza,Troca de Pneus,Rua das Flores,Rua das Flores,Chevrolet Onix,80.00,,40.0,120.00,Cancelado pelo Prestador
57,1,6,9441,2024-03-06,Fernanda Lima,Remoção,Avenida Paulista,Avenida Paulista,Honda Civic,180.00,40.0,40.0,260.00,Cancelado pelo Prestador
58,3,20,9978,2024-03-28,João Silva,Remoção,Rua XV de Novembro,Rua das Flores,Ford Ka,180.00,,40.0,220.00,Cancelado pela Seguradora
59,2,20,7796,2024-03-19,João Silva,Remoção,Rua das Flores,Rua das Flores,Ford Ka,180.00,40.0,,220.00,Tempo expirado
60,3,11,4037,2024-03-17,Paulo Almeida,Carga de Bateria,Rua XV de Novembro,Rua das Flores,Chevrolet Onix,80.00,40.0,,120.00,Cancelado pelo Cliente
61,1,19,9828,2024-03-21,Maria Oliveira,Remoção,Rua das Flores,Praça da Sé,Toyota Corolla,180.00,40.0,,220.00,Cancelado pelo Cliente
62,1,17,9582,2024-03-09,Fernanda Lima,Remoção,Praça da Sé,Rua das Flores,Ford Ka,180.00,40.0,40.0,260.00,Cancelado pelo Cliente
63,2,11,1918,2024-03-19,Maria Oliveira,Carga de Bateria,Avenida Paulista,Rua XV de Novembro,Toyota Corolla,80.00,40.0,40.0,160.00,Cancelado pelo Cliente
64,2,15,4410,2024-03-01,Fernanda Lima,Carga de Bateria,Rua das Flores,Rua dos Pinheiros,Chevrolet Onix,80.00,40.0,40.0,160.00,Tempo expirado
65,3,6,6226,2024-03-21,Carlos Souza,Remoção,Avenida Paulista,Rua das Flores,Ford Ka,180.00,40.0,40.0,260.00,Cancelado pelo Cliente
66,1,5,3149,2024-03-04,Maria Oliveira,Troca de Pneus,Praça da Sé,Praça da Sé,Chevrolet Onix,80.00,,40.0,120.00,Tempo expirado
67,3,3,9941,2024-03-08,João Silva,Carga de Bateria,Rua das Flores,Rua das Flores,Honda Civic,80.00,,,80.00,Cancelado pelo Cliente
68,2,8,5746,2024-03-13,João Silva,Remoção,Avenida Paulista,Rua dos Pinheiros,Ford Ka,180.00,40.0,,220.00,Cancelado pela Seguradora
69,3,9,6312,2024-03-05,Maria Oliveira,Remoção,Avenida Paulista,Rua dos Pinheiros,Chevrolet Onix,180.00,,,180.00,Cancelado pelo Prestador
70,3,13,7954,2024-03-02,Fernanda Lima,Remoção,Praça da Sé,Praça da Sé,Toyota Corolla,180.00,40.0,,220.00,Cancelado pela Seguradora
71,1,14,2040,2024-03-11,Carlos Souza,Carga de Bateria,Praça da Sé,Praça da Sé,Chevrolet Onix,80.00,40.0,40.0,160.00,Tempo expirado
72,1,3,7573,2024-04-17,Paulo Almeida,Carga de Bateria,Rua dos Pinheiros,Rua das Flores,Chevrolet Onix,80.00,40.0,40.0,160.00,Tempo expirado
73,1,2,6274,2024-04-12,Fernanda Lima,Troca de Pneus,Rua dos Pinheiros,Rua das Flores,Ford Ka,80.00,,40.0,120.00,Tempo expirado
74,1,13,4112,2024-04-27,Carlos Souza,Carga de Bateria,Praça da Sé,Rua XV de Novembro,Ford Ka,80.00,,,80.00,Cancelado pela Seguradora
75,2,5,5765,2024-04-25,Paulo Almeida,Remoção,Praça da Sé,Rua dos Pinheiros,Toyota Corolla,180.00,40.0,40.0,260.00,Cancelado pelo Prestador
76,1,11,3091,2024-04-04,Paulo Almeida,Remoção,Praça da Sé,Rua dos Pinheiros,Fiat Uno,180.00,,,180.00,Tempo expirado
77,1,6,6493,2024-04-23,Carlos Souza,Remoção,Rua das Flores,Praça da Sé,Fiat Uno,180.00,,40.0,220.00,Tempo expirado
78,1,9,6712,2024-04-27,Paulo Almeida,Carga de Bateria,Avenida Paulista,Rua XV de Novembro,Ford Ka,80.00,40.0,,120.00,Cancelado pela Seguradora
79,3,1,3953,2024-04-09,Carlos Souza,Remoção,Rua dos Pinheiros,Rua XV de Novembro,Honda Civic,180.00,40.0,,220.00,Cancelado pela Seguradora
80,3,2,8828,2024-04-25,Carlos Souza,Carga de Bateria,Rua dos Pinheiros,Avenida Paulista,Fiat Uno,80.00,,,80.00,Cancelado pelo Cliente
81,2,12,3112,2024-04-06,Fernanda Lima,Troca de Pneus,Praça da Sé,Rua XV de Novembro,Honda Civic,80.00,40.0,,120.00,Cancelado pela Seguradora
82,1,7,3362,2024-04-14,Carlos Souza,Remoção,Rua XV de Novembro,Avenida Paulista,Chevrolet Onix,180.00,40.0,,220.00,Cancelado pelo Prestador
83,1,9,6872,2024-04-27,João Silva,Remoção,Rua XV de Novembro,Rua XV de Novembro,Fiat Uno,180.00,,40.0,220.00,Cancelado pelo Cliente
84,2,4,6779,2024-04-28,Maria Oliveira,Troca de Pneus,Praça da Sé,Praça da Sé,Fiat Uno,80.00,40.0,,120.00,Cancelado pela Seguradora
85,3,16,9113,2024-04-26,Fernanda Lima,Remoção,Rua das Flores,Avenida Paulista,Ford Ka,180.00,40.0,,220.00,Tempo expirado
86,2,20,6824,2024-04-13,João Silva,Troca de Pneus,Rua XV de Novembro,Rua dos Pinheiros,Ford Ka,80.00,,,80.00,Cancelado pela Seguradora
87,1,14,4494,2024-04-03,Fernanda Lima,Carga de Bateria,Rua dos Pinheiros,Rua das Flores,Chevrolet Onix,80.00,,40.0,120.00,Cancelado pelo Cliente
88,3,9,3501,2024-04-21,Carlos Souza,Carga de Bateria,Rua XV de Novembro,Rua dos Pinheiros,Chevrolet Onix,80.00,,40.0,120.00,Tempo expirado
89,1,19,4105,2024-04-10,Paulo Almeida,Remoção,Avenida Paulista,Rua das Flores,Chevrolet Onix,180.00,40.0,,220.00,Cancelado pelo Cliente
90,2,11,6310,2024-04-25,Carlos Souza,Troca de Pneus,Rua das Flores,Avenida Paulista,Toyota Corolla,80.00,,,80.00,Cancelado pelo Cliente
91,2,5,1527,2024-04-12,João Silva,Remoção,Rua dos Pinheiros,Avenida Paulista,Ford Ka,180.00,,40.0,220.00,Cancelado pelo Cliente
92,2,12,5885,2024-04-13,Carlos Souza,Remoção,Rua XV de Novembro,Rua XV de Novembro,Honda Civic,180.00,40.0,,220.00,Cancelado pelo Cliente
93,1,5,8952,2024-05-09,João Silva,Remoção,Avenida Paulista,Avenida Paulista,Chevrolet Onix,180.00,,,180.00,Tempo expirado
94,3,5,5275,2024-05-04,Carlos Souza,Troca de Pneus,Rua XV de Novembro,Rua XV de Novembro,Chevrolet Onix,80.00,,,80.00,Cancelado pela Seguradora
95,3,3,6075,2024-05-10,Maria Oliveira,Troca de Pneus,Avenida Paulista,Rua das Flores,Fiat Uno,80.00,,40.0,120.00,Cancelado pela Seguradora
96,1,17,1543,2024-05-15,Fernanda Lima,Remoção,Avenida Paulista,Rua XV de Novembro,Fiat Uno,180.00,40.0,,220.00,Cancelado pelo Prestador
97,1,3,3714,2024-05-20,Maria Oliveira,Remoção,Avenida Paulista,Rua XV de Novembro,Chevrolet Onix,180.00,40.0,,220.00,Cancelado pelo Prestador
98,1,15,4331,2024-05-07,Maria Oliveira,Carga de Bateria,Rua das Flores,Praça da Sé,Ford Ka,80.00,40.0,,120.00,Cancelado pelo Cliente
99,1,17,7566,2024-05-17,Paulo Almeida,Remoção,Avenida Paulista,Avenida Paulista,Fiat Uno,180.00,40.0,40.0,260.00,Cancelado pelo Cliente
100,3,17,5287,2024-05-17,João Silva,Carga de Bateria,Rua das Flores,Rua das Flores,Ford Ka,80.00,,40.0,120.00,Cancelado pelo Cliente
101,1,7,6365,2024-05-01,Carlos Souza,Remoção,Avenida Paulista,Rua das Flores,Honda Civic,180.00,,40.0,220.00,Tempo expirado
102,1,16,7469,2024-05-03,Fernanda Lima,Troca de Pneus,Rua das Flores,Avenida Paulista,Honda Civic,80.00,40.0,,120.00,Cancelado pela Seguradora
103,1,16,2013,2024-05-28,Maria Oliveira,Carga de Bateria,Rua dos Pinheiros,Avenida Paulista,Ford Ka,80.00,,40.0,120.00,Cancelado pelo Prestador
104,1,1,1296,2024-05-19,Carlos Souza,Remoção,Rua XV de Novembro,Avenida Paulista,Honda Civic,180.00,,,180.00,Cancelado pelo Prestador
105,3,16,7577,2024-05-25,João Silva,Carga de Bateria,Rua dos Pinheiros,Rua das Flores,Fiat Uno,80.00,,40.0,120.00,Cancelado pela Seguradora
106,2,12,3881,2024-05-08,Carlos Souza,Troca de Pneus,Praça da Sé,Rua XV de Novembro,Honda Civic,80.00,,,80.00,Cancelado pelo Cliente
107,1,4,1646,2024-05-10,Carlos Souza,Remoção,Rua dos Pinheiros,Rua dos Pinheiros,Ford Ka,180.00,,40.0,220.00,Cancelado pela Seguradora
108,3,17,1447,2024-05-13,Paulo Almeida,Troca de Pneus,Rua XV de Novembro,Rua XV de Novembro,Ford Ka,80.00,,,80.00,Cancelado pela Seguradora
109,3,16,7946,2024-05-17,Fernanda Lima,Troca de Pneus,Praça da Sé,Avenida Paulista,Ford Ka,80.00,,,80.00,Cancelado pela Seguradora
110,2,14,5859,2024-05-01,João Silva,Troca de Pneus,Rua XV de Novembro,Praça da Sé,Honda Civic,80.00,,,80.00,Cancelado pelo Cliente
111,3,7,5319,2024-05-14,Paulo Almeida,Carga de Bateria,Rua dos Pinheiros,Rua das Flores,Fiat Uno,80.00,,40.0,120.00,Cancelado pela Seguradora
112,3,3,8649,2024-05-10,Fernanda Lima,Carga de Bateria,Avenida Paulista,Rua XV de Novembro,Ford Ka,80.00,40.0,,120.00,Cancelado pela Seguradora
113,1,5,2455,2024-05-02,Paulo Almeida,Remoção,Rua XV de Novembro,Rua dos Pinheiros,Honda Civic,180.00,,,180.00,Tempo expirado
114,2,16,3432,2024-05-10,Carlos Souza,Carga de Bateria,Avenida Paulista,Avenida Paulista,Fiat Uno,80.00,40.0,,120.00,Cancelado pelo Cliente
115,3,8,6332,2024-05-12,Paulo Almeida,Troca de Pneus,Avenida Paulista,Rua XV de Novembro,Ford Ka,80.00,40.0,,120.00,Cancelado pelo Prestador
116,3,16,7006,2024-05-20,João Silva,Troca de Pneus,Rua XV de Novembro,Avenida Paulista,Fiat Uno,80.00,,40.0,120.00,Cancelado pelo Cliente
117,2,3,6443,2024-05-20,Paulo Almeida,Troca de Pneus,Avenida Paulista,Rua dos Pinheiros,Honda Civic,80.00,40.0,,120.00,Cancelado pela Seguradora
118,3,7,1731,2024-05-07,Fernanda Lima,Troca de Pneus,Rua XV de Novembro,Praça da Sé,Toyota Corolla,80.00,,,80.00,Cancelado pela Seguradora
119,1,11,1534,2024-05-02,Fernanda Lima,Troca de Pneus,Praça da Sé,Rua XV de Novembro,Honda Civic,80.00,40.0,,120.00,Cancelado pela Seguradora
120,3,5,8642,2024-05-26,Carlos Souza,Remoção,Rua XV de Novembro,Rua dos Pinheiros,Fiat Uno,180.00,,,180.00,Cancelado pela Seguradora
121,2,20,5734,2024-05-24,Paulo Almeida,Carga de Bateria,Praça da Sé,Rua dos Pinheiros,Honda Civic,80.00,,40.0,120.00,Cancelado pelo Cliente
122,1,13,7635,2024-05-12,Carlos Souza,Remoção,Rua XV de Novembro,Avenida Paulista,Ford Ka,180.00,,,180.00,Tempo expirado
123,2,19,9509,2024-05-25,Fernanda Lima,Troca de Pneus,Rua XV de Novembro,Rua das Flores,Toyota Corolla,80.00,,40.0,120.00,Cancelado pelo Cliente
124,1,17,6883,2024-05-01,Maria Oliveira,Troca de Pneus,Rua XV de Novembro,Rua dos Pinheiros,Honda Civic,80.00,40.0,,120.00,Tempo expirado
125,1,13,3266,2024-05-11,Fernanda Lima,Carga de Bateria,Praça da Sé,Rua XV de Novembro,Fiat Uno,80.00,,40.0,120.00,Cancelado pelo Prestador
126,1,14,6114,2024-05-18,João Silva,Troca de Pneus,Praça da Sé,Rua dos Pinheiros,Ford Ka,80.00,40.0,,120.00,Cancelado pela Seguradora
127,2,13,2510,2024-05-01,Maria Oliveira,Troca de Pneus,Rua dos Pinheiros,Rua das Flores,Chevrolet Onix,80.00,,,80.00,Cancelado pelo Prestador
128,1,14,8648,2024-06-25,Maria Oliveira,Troca de Pneus,Rua das Flores,Rua dos Pinheiros,Chevrolet Onix,80.00,,40.0,120.00,Cancelado pela Seguradora
129,1,18,1871,2024-06-06,João Silva,Remoção,Praça da Sé,Rua dos Pinheiros,Honda Civic,180.00,40.0,,220.00,Cancelado pela Seguradora
130,1,18,4954,2024-06-07,Fernanda Lima,Troca de Pneus,Praça da Sé,Rua das Flores,Chevrolet Onix,80.00,40.0,40.0,160.00,Cancelado pela Seguradora
131,1,6,4020,2024-06-12,Carlos Souza,Carga de Bateria,Praça da Sé,Rua das Flores,Fiat Uno,80.00,,,80.00,Tempo expirado
132,3,14,9876,2024-06-07,Carlos Souza,Remoção,Praça da Sé,Praça da Sé,Toyota Corolla,180.00,,,180.00,Tempo expirado
133,2,16,9859,2024-06-26,Fernanda Lima,Remoção,Rua XV de Novembro,Rua XV de Novembro,Chevrolet Onix,180.00,40.0,,220.00,Cancelado pela Seguradora
134,2,6,5134,2024-06-25,Maria Oliveira,Carga de Bateria,Avenida Paulista,Praça da Sé,Honda Civic,80.00,40.0,,120.00,Cancelado pela Seguradora
135,3,14,9906,2024-06-09,Carlos Souza,Remoção,Rua XV de Novembro,Praça da Sé,Toyota Corolla,180.00,,,180.00,Tempo expirado
136,2,10,3463,2024-06-23,João Silva,Remoção,Rua das Flores,Rua dos Pinheiros,Toyota Corolla,180.00,40.0,,220.00,Cancelado pelo Cliente
137,2,12,8880,2024-06-28,Carlos Souza,Carga de Bateria,Avenida Paulista,Avenida Paulista,Ford Ka,80.00,,40.0,120.00,Cancelado pelo Prestador
138,2,10,9636,2024-06-22,João Silva,Troca de Pneus,Praça da Sé,Rua das Flores,Toyota Corolla,80.00,,,80.00,Cancelado pela Seguradora
139,3,8,3405,2024-06-14,João Silva,Troca de Pneus,Praça da Sé,Avenida Paulista,Chevrolet Onix,80.00,,40.0,120.00,Tempo expirado
140,2,10,3566,2024-06-11,Carlos Souza,Troca de Pneus,Rua XV de Novembro,Praça da Sé,Chevrolet Onix,80.00,40.0,,120.00,Cancelado pela Seguradora
141,1,18,3960,2024-06-05,Carlos Souza,Remoção,Praça da Sé,Praça da Sé,Fiat Uno,180.00,,40.0,220.00,Cancelado pelo Cliente
142,3,17,3315,2024-06-08,Fernanda Lima,Troca de Pneus,Rua das Flores,Rua dos Pinheiros,Honda Civic,80.00,40.0,,120.00,Cancelado pelo Prestador
143,3,14,2632,2024-06-12,João Silva,Carga de Bateria,Rua XV de Novembro,Avenida Paulista,Chevrolet Onix,80.00,,40.0,120.00,Cancelado pela Seguradora
144,1,16,6316,2024-06-22,Paulo Almeida,Troca de Pneus,Rua dos Pinheiros,Praça da Sé,Honda Civic,80.00,40.0,,120.00,Cancelado pelo Prestador
145,1,8,7667,2024-06-07,João Silva,Remoção,Rua dos Pinheiros,Praça da Sé,Toyota Corolla,180.00,,40.0,220.00,Tempo expirado
146,1,4,5981,2024-06-02,Paulo Almeida,Remoção,Rua dos Pinheiros,Avenida Paulista,Ford Ka,180.00,40.0,40.0,260.00,Cancelado pelo Prestador
147,3,11,5948,2024-06-19,Paulo Almeida,Remoção,Rua das Flores,Rua das Flores,Ford Ka,180.00,40.0,,220.00,Cancelado pela Seguradora
148,2,3,2564,2024-06-09,Paulo Almeida,Carga de Bateria,Praça da Sé,Rua das Flores,Honda Civic,80.00,40.0,40.0,160.00,Tempo expirado
149,2,10,6445,2024-06-09,João Silva,Remoção,Avenida Paulista,Rua das Flores,Chevrolet Onix,180.00,,40.0,220.00,Cancelado pelo Cliente
150,3,18,1299,2024-06-12,Paulo Almeida,Remoção,Praça da Sé,Rua XV de Novembro,Toyota Corolla,180.00,40.0,40.0,260.00,Cancelado pela Seguradora
151,2,2,8088,2024-06-01,Carlos Souza,Troca de Pneus,Rua dos Pinheiros,Praça da Sé,Honda Civic,80.00,40.0,,120.00,Cancelado pelo Prestador
152,2,11,1308,2024-06-10,Maria Oliveira,Troca de Pneus,Rua XV de Novembro,Rua XV de Novembro,Honda Civic,80.00,40.0,40.0,160.00,Cancelado pelo Prestador
153,3,1,8187,2024-06-07,Maria Oliveira,Troca de Pneus,Praça da Sé,Rua dos Pinheiros,Fiat Uno,80.00,,,80.00,Cancelado pelo Prestador
154,2,4,5570,2024-06-25,Fernanda Lima,Troca de Pneus,Praça da Sé,Rua dos Pinheiros,Honda Civic,80.00,,,80.00,Cancelado pelo Prestador
155,3,8,1018,2024-06-10,João Silva,Carga de Bateria,Praça da Sé,Avenida Paulista,Fiat Uno,80.00,,,80.00,Cancelado pela Seguradora
156,1,3,3904,2024-06-18,João Silva,Carga de Bateria,Rua XV de Novembro,Rua das Flores,Toyota Corolla,80.00,,40.0,120.00,Cancelado pelo Cliente
157,3,20,6054,2024-06-25,Paulo Almeida,Remoção,Rua das Flores,Rua dos Pinheiros,Chevrolet Onix,180.00,40.0,,220.00,Cancelado pela Seguradora
158,3,19,5568,2024-07-21,Maria Oliveira,Troca de Pneus,Rua XV de Novembro,Rua dos Pinheiros,Honda Civic,80.00,,40.0,120.00,Cancelado pelo Prestador
159,2,10,2135,2024-07-09,Maria Oliveira,Troca de Pneus,Rua XV de Novembro,Rua das Flores,Ford Ka,80.00,40.0,40.0,160.00,Cancelado pelo Prestador
160,1,8,9660,2024-07-18,Fernanda Lima,Remoção,Rua XV de Novembro,Avenida Paulista,Fiat Uno,180.00,,,180.00,Cancelado pelo Cliente
161,2,18,5093,2024-07-17,Carlos Souza,Carga de Bateria,Avenida Paulista,Rua das Flores,Fiat Uno,80.00,40.0,40.0,160.00,Cancelado pela Seguradora
162,3,16,4901,2024-07-24,Paulo Almeida,Remoção,Avenida Paulista,Avenida Paulista,Honda Civic,180.00,40.0,,220.00,Cancelado pelo Cliente
163,1,4,7943,2024-07-02,Paulo Almeida,Troca de Pneus,Rua dos Pinheiros,Praça da Sé,Toyota Corolla,80.00,,,80.00,Cancelado pelo Prestador
164,3,4,5815,2024-07-27,Fernanda Lima,Troca de Pneus,Rua XV de Novembro,Rua das Flores,Fiat Uno,80.00,,40.0,120.00,Tempo expirado
165,3,11,3188,2024-07-23,Paulo Almeida,Carga de Bateria,Avenida Paulista,Avenida Paulista,Ford Ka,80.00,,,80.00,Cancelado pelo Prestador
166,2,5,5296,2024-07-07,Paulo Almeida,Troca de Pneus,Rua XV de Novembro,Rua das Flores,Toyota Corolla,80.00,40.0,40.0,160.00,Cancelado pela Seguradora
167,3,19,4303,2024-07-23,Carlos Souza,Carga de Bateria,Rua XV de Novembro,Praça da Sé,Ford Ka,80.00,,40.0,120.00,Cancelado pela Seguradora
168,1,1,5962,2024-07-12,João Silva,Remoção,Rua das Flores,Rua dos Pinheiros,Honda Civic,180.00,40.0,40.0,260.00,Cancelado pela Seguradora
169,2,6,9144,2024-07-17,Fernanda Lima,Troca de Pneus,Praça da Sé,Rua XV de Novembro,Chevrolet Onix,80.00,,40.0,120.00,Cancelado pelo Cliente
170,3,4,1928,2024-07-07,Paulo Almeida,Carga de Bateria,Praça da Sé,Praça da Sé,Fiat Uno,80.00,,,80.00,Cancelado pelo Cliente
171,2,2,3413,2024-08-02,Maria Oliveira,Remoção,Rua XV de Novembro,Rua dos Pinheiros,Toyota Corolla,180.00,40.0,,220.00,Cancelado pela Seguradora
172,2,13,8219,2024-08-12,João Silva,Remoção,Rua dos Pinheiros,Rua das Flores,Ford Ka,180.00,40.0,40.0,260.00,Cancelado pelo Prestador
173,2,2,1610,2024-08-15,Fernanda Lima,Troca de Pneus,Avenida Paulista,Rua XV de Novembro,Honda Civic,80.00,40.0,40.0,160.00,Cancelado pela Seguradora
174,3,7,8212,2024-08-16,Carlos Souza,Remoção,Avenida Paulista,Rua das Flores,Honda Civic,180.00,40.0,,220.00,Tempo expirado
175,1,6,2143,2024-08-10,João Silva,Troca de Pneus,Rua dos Pinheiros,Rua das Flores,Honda Civic,80.00,,40.0,120.00,Cancelado pela Seguradora
176,3,20,7645,2024-08-13,Fernanda Lima,Troca de Pneus,Rua das Flores,Avenida Paulista,Ford Ka,80.00,40.0,,120.00,Cancelado pelo Prestador
177,3,16,7221,2024-08-08,João Silva,Troca de Pneus,Rua XV de Novembro,Rua das Flores,Honda Civic,80.00,40.0,,120.00,Cancelado pelo Prestador
178,3,13,7040,2024-08-02,Maria Oliveira,Remoção,Rua XV de Novembro,Rua XV de Novembro,Toyota Corolla,180.00,40.0,,220.00,Cancelado pelo Prestador
179,2,7,7353,2024-08-04,Fernanda Lima,Carga de Bateria,Rua XV de Novembro,Rua das Flores,Honda Civic,80.00,,40.0,120.00,Cancelado pelo Prestador
180,2,17,8673,2024-08-25,Maria Oliveira,Carga de Bateria,Praça da Sé,Rua das Flores,Toyota Corolla,80.00,,,80.00,Tempo expirado
181,3,20,1122,2024-08-15,Carlos Souza,Troca de Pneus,Rua XV de Novembro,Rua das Flores,Honda Civic,80.00,,,80.00,Cancelado pelo Prestador
182,3,10,1950,2024-08-14,Carlos Souza,Carga de Bateria,Praça da Sé,Rua dos Pinheiros,Ford Ka,80.00,40.0,40.0,160.00,Tempo expirado
183,1,1,6007,2024-08-22,Paulo Almeida,Remoção,Rua XV de Novembro,Praça da Sé,Honda Civic,180.00,,,180.00,Cancelado pela Seguradora
184,1,18,3429,2024-08-03,Paulo Almeida,Remoção,Rua das Flores,Rua das Flores,Honda Civic,180.00,40.0,40.0,260.00,Cancelado pelo Prestador
185,2,10,1865,2024-08-26,Fernanda Lima,Carga de Bateria,Rua das Flores,Avenida Paulista,Fiat Uno,80.00,,40.0,120.00,Tempo expirado
186,3,17,9117,2024-08-03,Paulo Almeida,Troca de Pneus,Avenida Paulista,Rua XV de Novembro,Honda Civic,80.00,40.0,40.0,160.00,Cancelado pelo Prestador
187,3,13,6478,2024-08-20,Carlos Souza,Remoção,Avenida Paulista,Avenida Paulista,Fiat Uno,180.00,40.0,,220.00,Tempo expirado
188,2,3,4115,2024-08-24,João Silva,Troca de Pneus,Praça da Sé,Praça da Sé,Fiat Uno,80.00,40.0,40.0,160.00,Cancelado pela Seguradora
189,2,16,9673,2024-08-25,Fernanda Lima,Remoção,Rua XV de Novembro,Avenida Paulista,Ford Ka,180.00,40.0,40.0,260.00,Cancelado pelo Prestador
190,3,17,7145,2024-08-16,Fernanda Lima,Remoção,Praça da Sé,Praça da Sé,Ford Ka,180.00,,40.0,220.00,Cancelado pelo Cliente
191,3,7,3425,2024-08-11,Paulo Almeida,Carga de Bateria,Avenida Paulista,Rua dos Pinheiros,Chevrolet Onix,80.00,40.0,,120.00,Cancelado pela Seguradora
192,1,6,8199,2024-08-16,Carlos Souza,Troca de Pneus,Avenida Paulista,Rua dos Pinheiros,Toyota Corolla,80.00,40.0,,120.00,Cancelado pelo Cliente
193,2,18,4945,2024-08-24,Maria Oliveira,Carga de Bateria,Rua XV de Novembro,Avenida Paulista,Ford Ka,80.00,,40.0,120.00,Tempo expirado
194,1,14,6665,2024-08-16,Carlos Souza,Remoção,Praça da Sé,Praça da Sé,Toyota Corolla,180.00,,,180.00,Cancelado pelo Cliente
195,3,12,6515,2024-09-28,Maria Oliveira,Carga de Bateria,Rua dos Pinheiros,Praça da Sé,Toyota Corolla,80.00,40.0,,120.00,Cancelado pelo Cliente
196,2,10,7135,2024-09-11,Maria Oliveira,Remoção,Praça da Sé,Rua das Flores,Fiat Uno,180.00,,40.0,220.00,Cancelado pelo Prestador
197,2,10,8961,2024-09-26,Maria Oliveira,Carga de Bateria,Rua das Flores,Rua das Flores,Chevrolet Onix,80.00,,40.0,120.00,Cancelado pelo Cliente
198,3,18,3385,2024-09-10,João Silva,Carga de Bateria,Rua dos Pinheiros,Avenida Paulista,Fiat Uno,80.00,40.0,,120.00,Cancelado pelo Cliente
199,3,3,1745,2024-09-04,Fernanda Lima,Remoção,Rua XV de Novembro,Rua dos Pinheiros,Toyota Corolla,180.00,,40.0,220.00,Tempo expirado
200,1,8,7036,2024-09-23,Paulo Almeida,Remoção,Praça da Sé,Rua dos Pinheiros,Fiat Uno,180.00,,,180.00,Cancelado pela Seguradora
201,2,14,6034,2024-09-21,Paulo Almeida,Remoção,Rua das Flores,Praça da Sé,Toyota Corolla,180.00,40.0,,220.00,Cancelado pela Seguradora
202,1,19,7265,2024-09-12,Paulo Almeida,Carga de Bateria,Praça da Sé,Avenida Paulista,Fiat Uno,80.00,40.0,,120.00,Cancelado pela Seguradora
203,2,16,8238,2024-09-12,Paulo Almeida,Remoção,Avenida Paulista,Rua dos Pinheiros,Ford Ka,180.00,,,180.00,Cancelado pela Seguradora
204,2,15,6704,2024-09-16,Maria Oliveira,Troca de Pneus,Rua dos Pinheiros,Praça da Sé,Fiat Uno,80.00,,40.0,120.00,Tempo expirado
205,1,10,7656,2024-09-03,Carlos Souza,Remoção,Rua XV de Novembro,Rua dos Pinheiros,Ford Ka,180.00,,40.0,220.00,Cancelado pelo Cliente
206,3,19,4766,2024-09-10,Carlos Souza,Carga de Bateria,Rua das Flores,Rua dos Pinheiros,Honda Civic,80.00,40.0,40.0,160.00,Cancelado pelo Cliente
207,2,11,7452,2024-09-09,Fernanda Lima,Troca de Pneus,Avenida Paulista,Rua dos Pinheiros,Ford Ka,80.00,40.0,40.0,160.00,Cancelado pelo Prestador
208,1,5,3203,2024-09-16,Maria Oliveira,Troca de Pneus,Rua dos Pinheiros,Rua das Flores,Chevrolet Onix,80.00,,,80.00,Cancelado pelo Cliente
209,1,10,8940,2024-09-17,Fernanda Lima,Carga de Bateria,Praça da Sé,Praça da Sé,Toyota Corolla,80.00,,40.0,120.00,Tempo expirado
210,3,2,2106,2024-09-12,Carlos Souza,Troca de Pneus,Praça da Sé,Avenida Paulista,Fiat Uno,80.00,40.0,,120.00,Cancelado pela Seguradora
211,3,13,3986,2024-09-28,Maria Oliveira,Troca de Pneus,Rua das Flores,Praça da Sé,Chevrolet Onix,80.00,,,80.00,Cancelado pelo Prestador
212,3,7,3805,2024-09-16,Paulo Almeida,Carga de Bateria,Rua XV de Novembro,Rua das Flores,Honda Civic,80.00,,,80.00,Cancelado pela Seguradora
213,3,18,6612,2024-09-20,Maria Oliveira,Carga de Bateria,Rua dos Pinheiros,Avenida Paulista,Fiat Uno,80.00,,40.0,120.00,Tempo expirado
214,2,4,6138,2024-09-11,Fernanda Lima,Troca de Pneus,Rua XV de Novembro,Rua das Flores,Chevrolet Onix,80.00,,,80.00,Tempo expirado
215,3,2,8611,2024-09-05,Fernanda Lima,Troca de Pneus,Praça da Sé,Rua das Flores,Honda Civic,80.00,,40.0,120.00,Tempo expirado
216,3,9,9179,2024-09-26,João Silva,Remoção,Rua XV de Novembro,Praça da Sé,Chevrolet Onix,180.00,,40.0,220.00,Cancelado pelo Prestador
217,2,17,8630,2024-09-24,Carlos Souza,Troca de Pneus,Rua dos Pinheiros,Rua XV de Novembro,Ford Ka,80.00,,,80.00,Cancelado pelo Cliente
218,3,3,5671,2024-09-14,Carlos Souza,Remoção,Rua dos Pinheiros,Praça da Sé,Chevrolet Onix,180.00,,,180.00,Cancelado pelo Cliente
219,2,9,5120,2024-09-03,Carlos Souza,Remoção,Rua das Flores,Avenida Paulista,Honda Civic,180.00,,40.0,220.00,Tempo expirado
220,3,12,9182,2024-09-12,Paulo Almeida,Carga de Bateria,Praça da Sé,Rua XV de Novembro,Ford Ka,80.00,40.0,,120.00,Cancelado pelo Prestador
221,1,11,3629,2024-09-01,Maria Oliveira,Carga de Bateria,Rua XV de Novembro,Praça da Sé,Ford Ka,80.00,40.0,40.0,160.00,Cancelado pelo Prestador
222,2,14,4238,2024-09-26,Maria Oliveira,Carga de Bateria,Rua dos Pinheiros,Rua dos Pinheiros,Chevrolet Onix,80.00,,,80.00,Cancelado pelo Prestador
223,3,9,3837,2024-09-28,Carlos Souza,Troca de Pneus,Rua XV de Novembro,Praça da Sé,Ford Ka,80.00,,40.0,120.00,Cancelado pelo Prestador
224,3,13,7273,2024-09-26,Maria Oliveira,Troca de Pneus,Rua dos Pinheiros,Avenida Paulista,Honda Civic,80.00,40.0,40.0,160.00,Cancelado pelo Prestador
225,2,9,6414,2024-09-28,Maria Oliveira,Carga de Bateria,Rua dos Pinheiros,Rua das Flores,Ford Ka,80.00,40.0,,120.00,Cancelado pelo Cliente
226,3,1,9341,2024-01-11,Paulo Lima,Carga de Bateria,Rua das Flores,Rua XV de Novembro,Fiat Uno,80.00,40.0,,120.00,Cancelado pela Seguradora
227,3,5,5151,2024-01-06,Paulo Lima,Remoção,Avenida Paulista,Praça da Sé,Honda Civic,180.00,40.0,40.0,260.00,Cancelado pela Seguradora
228,1,8,2398,2024-01-02,Carlos Miguel,Carga de Bateria,Rua XV de Novembro,Praça da Sé,Honda Civic,80.00,,40.0,120.00,Tempo expirado
229,2,19,3534,2024-01-21,Fernanda Souza,Carga de Bateria,Praça da Sé,Rua dos Pinheiros,Honda Civic,80.00,40.0,40.0,160.00,Cancelado pela Seguradora
230,3,18,3832,2024-01-23,Fernanda Souza,Remoção,Rua dos Pinheiros,Rua dos Pinheiros,Fiat Uno,180.00,,40.0,220.00,Cancelado pelo Cliente
231,2,7,6681,2024-01-17,Fernanda Souza,Carga de Bateria,Praça da Sé,Rua XV de Novembro,Chevrolet Onix,80.00,40.0,40.0,160.00,Cancelado pelo Cliente
232,1,15,3507,2024-01-02,Paulo Lima,Carga de Bateria,Rua dos Pinheiros,Praça da Sé,Honda Civic,80.00,40.0,40.0,160.00,Cancelado pelo Prestador
233,2,1,8937,2024-01-06,Carlos Miguel,Troca de Pneus,Rua XV de Novembro,Rua dos Pinheiros,Chevrolet Onix,80.00,40.0,,120.00,Tempo expirado
234,3,13,5602,2024-01-23,Carlos Brito,Carga de Bateria,Praça da Sé,Rua XV de Novembro,Honda Civic,80.00,40.0,40.0,160.00,Cancelado pelo Prestador
235,2,11,9743,2024-01-20,Fernanda Souza,Troca de Pneus,Rua das Flores,Rua das Flores,Toyota Corolla,80.00,40.0,40.0,160.00,Cancelado pelo Cliente
236,3,9,3151,2024-01-22,Carlos Miguel,Troca de Pneus,Rua das Flores,Rua das Flores,Fiat Uno,80.00,,,80.00,Cancelado pelo Cliente
237,3,20,1435,2024-01-24,Carlos Miguel,Remoção,Rua das Flores,Avenida Paulista,Chevrolet Onix,180.00,40.0,40.0,260.00,Cancelado pelo Prestador
238,2,19,4502,2024-01-10,Fernanda Souza,Carga de Bateria,Rua XV de Novembro,Rua das Flores,Ford Ka,80.00,40.0,40.0,160.00,Tempo expirado
239,1,20,3981,2024-01-08,Paulo Lima,Remoção,Rua dos Pinheiros,Rua dos Pinheiros,Fiat Uno,180.00,40.0,,220.00,Tempo expirado
240,1,2,4297,2024-01-19,Joana Silva,Remoção,Avenida Paulista,Rua dos Pinheiros,Toyota Corolla,180.00,40.0,,220.00,Cancelado pelo Cliente
241,1,2,9395,2024-01-14,Fernanda Souza,Troca de Pneus,Rua XV de Novembro,Praça da Sé,Fiat Uno,80.00,,40.0,120.00,Cancelado pela Seguradora
242,1,8,2800,2024-01-14,Carlos Miguel,Troca de Pneus,Rua XV de Novembro,Rua dos Pinheiros,Ford Ka,80.00,40.0,40.0,160.00,Cancelado pelo Cliente
243,3,9,6589,2024-02-18,Carlos Brito,Remoção,Praça da Sé,Rua das Flores,Honda Civic,180.00,40.0,,220.00,Cancelado pelo Cliente
244,3,8,8953,2024-02-13,Paulo Lima,Troca de Pneus,Praça da Sé,Rua dos Pinheiros,Honda Civic,80.00,40.0,40.0,160.00,Cancelado pelo Prestador
245,3,12,7866,2024-02-27,Paulo Lima,Troca de Pneus,Praça da Sé,Praça da Sé,Chevrolet Onix,80.00,,40.0,120.00,Cancelado pela Seguradora
246,1,17,5832,2024-02-15,Carlos Miguel,Troca de Pneus,Avenida Paulista,Avenida Paulista,Honda Civic,80.00,40.0,40.0,160.00,Cancelado pela Seguradora
247,2,14,2609,2024-02-01,Carlos Brito,Carga de Bateria,Rua XV de Novembro,Praça da Sé,Ford Ka,80.00,,40.0,120.00,Cancelado pelo Cliente
248,3,17,1154,2024-02-17,Carlos Brito,Remoção,Rua das Flores,Rua das Flores,Ford Ka,180.00,40.0,40.0,260.00,Cancelado pela Seguradora
249,3,9,5608,2024-02-08,Carlos Brito,Troca de Pneus,Rua XV de Novembro,Rua XV de Novembro,Ford Ka,80.00,,,80.00,Tempo expirado
250,1,11,3549,2024-02-27,Carlos Miguel,Troca de Pneus,Rua XV de Novembro,Rua dos Pinheiros,Toyota Corolla,80.00,,40.0,120.00,Cancelado pela Seguradora
251,3,15,3036,2024-02-07,Carlos Miguel,Troca de Pneus,Praça da Sé,Rua dos Pinheiros,Ford Ka,80.00,,40.0,120.00,Cancelado pelo Cliente
252,1,16,3560,2024-02-06,Paulo Lima,Troca de Pneus,Praça da Sé,Avenida Paulista,Fiat Uno,80.00,,,80.00,Tempo expirado
253,2,1,1351,2024-02-07,Fernanda Souza,Remoção,Rua XV de Novembro,Avenida Paulista,Fiat Uno,180.00,40.0,,220.00,Cancelado pela Seguradora
254,2,7,6950,2024-02-10,Joana Silva,Remoção,Praça da Sé,Rua das Flores,Honda Civic,180.00,40.0,40.0,260.00,Cancelado pela Seguradora
255,1,13,9067,2024-02-23,Carlos Brito,Troca de Pneus,Rua XV de Novembro,Avenida Paulista,Toyota Corolla,80.00,40.0,40.0,160.00,Tempo expirado
256,1,8,4388,2024-02-05,Carlos Miguel,Troca de Pneus,Rua XV de Novembro,Rua das Flores,Honda Civic,80.00,,40.0,120.00,Cancelado pela Seguradora
257,2,4,8296,2024-02-03,Joana Silva,Remoção,Avenida Paulista,Praça da Sé,Fiat Uno,180.00,40.0,,220.00,Cancelado pelo Prestador
258,1,16,1538,2024-02-03,Fernanda Souza,Troca de Pneus,Avenida Paulista,Rua XV de Novembro,Fiat Uno,80.00,40.0,,120.00,Cancelado pelo Prestador
259,2,13,6720,2024-02-03,Carlos Brito,Remoção,Rua das Flores,Avenida Paulista,Toyota Corolla,180.00,40.0,40.0,260.00,Cancelado pela Seguradora
260,1,20,3829,2024-02-01,Paulo Lima,Troca de Pneus,Praça da Sé,Rua das Flores,Fiat Uno,80.00,40.0,40.0,160.00,Cancelado pela Seguradora
261,1,11,9430,2024-02-06,Fernanda Souza,Carga de Bateria,Rua dos Pinheiros,Rua XV de Novembro,Honda Civic,80.00,,40.0,120.00,Cancelado pela Seguradora
262,2,20,9746,2024-02-21,Carlos Brito,Carga de Bateria,Avenida Paulista,Praça da Sé,Chevrolet Onix,80.00,40.0,,120.00,Cancelado pelo Prestador
263,1,6,3800,2024-02-18,Paulo Lima,Carga de Bateria,Praça da Sé,Rua das Flores,Fiat Uno,80.00,40.0,,120.00,Cancelado pela Seguradora
264,1,7,3860,2024-02-24,Carlos Brito,Troca de Pneus,Rua dos Pinheiros,Praça da Sé,Ford Ka,80.00,40.0,40.0,160.00,Cancelado pela Seguradora
265,2,7,9767,2024-02-27,Paulo Lima,Carga de Bateria,Praça da Sé,Rua XV de Novembro,Fiat Uno,80.00,40.0,,120.00,Tempo expirado
266,3,7,2302,2024-02-23,Joana Silva,Remoção,Praça da Sé,Praça da Sé,Honda Civic,180.00,,,180.00,Cancelado pelo Prestador
267,3,6,6544,2024-02-16,Joana Silva,Remoção,Rua XV de Novembro,Praça da Sé,Chevrolet Onix,180.00,40.0,40.0,260.00,Tempo expirado
268,3,2,2287,2024-02-22,Paulo Lima,Carga de Bateria,Avenida Paulista,Rua dos Pinheiros,Toyota Corolla,80.00,,40.0,120.00,Cancelado pela Seguradora
269,1,6,3468,2024-02-17,Carlos Miguel,Remoção,Praça da Sé,Rua das Flores,Chevrolet Onix,180.00,,40.0,220.00,Cancelado pelo Prestador
270,1,20,7842,2024-02-15,Joana Silva,Carga de Bateria,Rua das Flores,Praça da Sé,Ford Ka,80.00,,,80.00,Cancelado pela Seguradora
271,3,7,3277,2024-03-01,Carlos Miguel,Remoção,Rua dos Pinheiros,Rua das Flores,Chevrolet Onix,180.00,40.0,,220.00,Tempo expirado
272,1,10,2926,2024-03-04,Fernanda Souza,Carga de Bateria,Rua dos Pinheiros,Rua das Flores,Chevrolet Onix,80.00,40.0,40.0,160.00,Cancelado pelo Cliente
273,3,9,7474,2024-03-23,Joana Silva,Troca de Pneus,Rua XV de Novembro,Praça da Sé,Honda Civic,80.00,40.0,,120.00,Tempo expirado
274,2,7,8183,2024-03-04,Carlos Brito,Carga de Bateria,Rua dos Pinheiros,Avenida Paulista,Ford Ka,80.00,,40.0,120.00,Cancelado pela Seguradora
275,1,17,4436,2024-03-19,Fernanda Souza,Troca de Pneus,Avenida Paulista,Avenida Paulista,Ford Ka,80.00,40.0,,120.00,Cancelado pelo Prestador
276,2,18,6928,2024-03-18,Joana Silva,Carga de Bateria,Rua XV de Novembro,Praça da Sé,Toyota Corolla,80.00,40.0,,120.00,Tempo expirado
277,2,20,1995,2024-03-24,Paulo Lima,Troca de Pneus,Rua dos Pinheiros,Rua dos Pinheiros,Chevrolet Onix,80.00,,40.0,120.00,Tempo expirado
278,3,17,2851,2024-03-21,Paulo Lima,Carga de Bateria,Rua das Flores,Avenida Paulista,Toyota Corolla,80.00,40.0,,120.00,Cancelado pela Seguradora
279,3,16,2913,2024-03-21,Carlos Brito,Remoção,Rua XV de Novembro,Rua dos Pinheiros,Chevrolet Onix,180.00,40.0,,220.00,Cancelado pela Seguradora
280,1,6,7250,2024-03-12,Carlos Brito,Carga de Bateria,Rua dos Pinheiros,Rua dos Pinheiros,Honda Civic,80.00,,,80.00,Cancelado pela Seguradora
281,2,18,2201,2024-03-03,Carlos Miguel,Remoção,Rua das Flores,Rua dos Pinheiros,Honda Civic,180.00,,40.0,220.00,Cancelado pela Seguradora
282,3,1,9523,2024-03-08,Paulo Lima,Carga de Bateria,Rua XV de Novembro,Rua das Flores,Fiat Uno,80.00,,,80.00,Cancelado pelo Cliente
283,2,15,7342,2024-03-13,Carlos Miguel,Remoção,Rua dos Pinheiros,Rua XV de Novembro,Honda Civic,180.00,,40.0,220.00,Cancelado pelo Cliente
284,1,13,9543,2024-03-18,Fernanda Souza,Troca de Pneus,Rua dos Pinheiros,Avenida Paulista,Fiat Uno,80.00,,40.0,120.00,Cancelado pela Seguradora
285,2,12,2454,2024-03-01,Carlos Miguel,Carga de Bateria,Rua dos Pinheiros,Rua das Flores,Toyota Corolla,80.00,40.0,,120.00,Cancelado pelo Prestador
286,3,20,1695,2024-03-04,Carlos Brito,Carga de Bateria,Rua dos Pinheiros,Rua dos Pinheiros,Toyota Corolla,80.00,40.0,40.0,160.00,Tempo expirado
287,2,20,9434,2024-03-11,Fernanda Souza,Carga de Bateria,Rua das Flores,Praça da Sé,Honda Civic,80.00,40.0,,120.00,Tempo expirado
288,1,20,3765,2024-04-07,Joana Silva,Remoção,Rua dos Pinheiros,Rua XV de Novembro,Toyota Corolla,180.00,40.0,40.0,260.00,Cancelado pelo Cliente
289,1,14,2453,2024-04-20,Fernanda Souza,Carga de Bateria,Rua dos Pinheiros,Rua das Flores,Ford Ka,80.00,,40.0,120.00,Cancelado pelo Cliente
290,3,3,6813,2024-04-14,Paulo Lima,Remoção,Avenida Paulista,Praça da Sé,Toyota Corolla,180.00,,,180.00,Tempo expirado
291,3,16,1886,2024-04-02,Paulo Lima,Remoção,Rua das Flores,Rua XV de Novembro,Honda Civic,180.00,40.0,40.0,260.00,Tempo expirado
292,2,2,7887,2024-04-19,Paulo Lima,Remoção,Avenida Paulista,Avenida Paulista,Fiat Uno,180.00,,,180.00,Cancelado pelo Prestador
293,2,11,5384,2024-04-10,Carlos Miguel,Carga de Bateria,Avenida Paulista,Avenida Paulista,Toyota Corolla,80.00,40.0,,120.00,Cancelado pela Seguradora
294,2,11,1349,2024-04-06,Paulo Lima,Troca de Pneus,Rua XV de Novembro,Rua XV de Novembro,Chevrolet Onix,80.00,40.0,,120.00,Tempo expirado
295,3,1,6726,2024-04-12,Carlos Brito,Carga de Bateria,Rua das Flores,Praça da Sé,Honda Civic,80.00,40.0,,120.00,Cancelado pelo Prestador
296,2,8,9801,2024-04-26,Joana Silva,Carga de Bateria,Praça da Sé,Rua XV de Novembro,Fiat Uno,80.00,40.0,,120.00,Cancelado pelo Cliente
297,3,4,7611,2024-04-19,Carlos Brito,Carga de Bateria,Avenida Paulista,Rua das Flores,Ford Ka,80.00,,,80.00,Tempo expirado
298,1,20,4508,2024-04-22,Joana Silva,Remoção,Rua XV de Novembro,Rua dos Pinheiros,Fiat Uno,180.00,40.0,40.0,260.00,Cancelado pelo Prestador
299,1,4,3107,2024-04-17,Paulo Lima,Troca de Pneus,Rua dos Pinheiros,Rua das Flores,Fiat Uno,80.00,40.0,,120.00,Cancelado pela Seguradora
300,1,17,8113,2024-04-28,Carlos Brito,Remoção,Rua dos Pinheiros,Rua das Flores,Fiat Uno,180.00,40.0,,220.00,Cancelado pelo Prestador
301,2,14,7680,2024-04-13,Joana Silva,Remoção,Rua XV de Novembro,Rua das Flores,Honda Civic,180.00,,40.0,220.00,Tempo expirado
302,2,4,2521,2024-04-19,Carlos Brito,Carga de Bateria,Rua XV de Novembro,Rua dos Pinheiros,Ford Ka,80.00,40.0,,120.00,Cancelado pelo Prestador
303,2,16,8862,2024-04-02,Paulo Lima,Carga de Bateria,Praça da Sé,Avenida Paulista,Honda Civic,80.00,40.0,,120.00,Cancelado pela Seguradora
304,2,1,2357,2024-04-17,Joana Silva,Remoção,Rua das Flores,Praça da Sé,Ford Ka,180.00,40.0,,220.00,Cancelado pelo Prestador
305,2,17,5123,2024-04-14,Carlos Miguel,Troca de Pneus,Rua das Flores,Rua XV de Novembro,Ford Ka,80.00,,,80.00,Cancelado pela Seguradora
306,2,19,6318,2024-04-17,Fernanda Souza,Troca de Pneus,Avenida Paulista,Rua XV de Novembro,Toyota Corolla,80.00,,,80.00,Cancelado pelo Prestador
307,3,18,7679,2024-04-03,Carlos Brito,Carga de Bateria,Praça da Sé,Rua das Flores,Honda Civic,80.00,,,80.00,Cancelado pelo Cliente
308,3,4,4437,2024-04-14,Paulo Lima,Carga de Bateria,Rua das Flores,Rua das Flores,Chevrolet Onix,80.00,,40.0,120.00,Cancelado pelo Prestador
309,3,6,6456,2024-04-06,Paulo Lima,Troca de Pneus,Rua XV de Novembro,Praça da Sé,Toyota Corolla,80.00,,40.0,120.00,Cancelado pela Seguradora
310,1,4,1423,2024-04-27,Carlos Miguel,Troca de Pneus,Avenida Paulista,Rua XV de Novembro,Toyota Corolla,80.00,40.0,,120.00,Cancelado pelo Cliente
311,2,14,5753,2024-04-06,Joana Silva,Remoção,Praça da Sé,Rua XV de Novembro,Fiat Uno,180.00,40.0,,220.00,Tempo expirado
312,1,15,6809,2024-04-15,Paulo Lima,Remoção,Rua XV de Novembro,Rua XV de Novembro,Honda Civic,180.00,,,180.00,Tempo expirado
313,1,12,6081,2024-04-11,Fernanda Souza,Carga de Bateria,Rua dos Pinheiros,Rua dos Pinheiros,Fiat Uno,80.00,40.0,,120.00,Cancelado pelo Prestador
314,1,3,6717,2024-04-20,Fernanda Souza,Carga de Bateria,Rua dos Pinheiros,Rua dos Pinheiros,Honda Civic,80.00,40.0,,120.00,Cancelado pelo Cliente
315,2,6,9589,2024-04-11,Carlos Miguel,Carga de Bateria,Praça da Sé,Avenida Paulista,Toyota Corolla,80.00,40.0,40.0,160.00,Cancelado pelo Prestador
316,1,1,1645,2024-04-09,Carlos Miguel,Troca de Pneus,Rua das Flores,Rua dos Pinheiros,Chevrolet Onix,80.00,40.0,40.0,160.00,Tempo expirado
317,3,6,7009,2024-05-16,Paulo Lima,Carga de Bateria,Praça da Sé,Rua XV de Novembro,Honda Civic,80.00,40.0,,120.00,Cancelado pela Seguradora
318,3,16,9827,2024-05-16,Paulo Lima,Remoção,Rua das Flores,Praça da Sé,Chevrolet Onix,180.00,,40.0,220.00,Tempo expirado
319,2,8,3361,2024-05-27,Joana Silva,Troca de Pneus,Rua XV de Novembro,Rua dos Pinheiros,Fiat Uno,80.00,,40.0,120.00,Cancelado pela Seguradora
320,2,15,6228,2024-05-23,Paulo Lima,Troca de Pneus,Rua XV de Novembro,Praça da Sé,Honda Civic,80.00,40.0,40.0,160.00,Cancelado pelo Cliente
321,2,12,2149,2024-05-02,Carlos Miguel,Troca de Pneus,Rua das Flores,Rua dos Pinheiros,Fiat Uno,80.00,,,80.00,Cancelado pela Seguradora
322,2,8,9820,2024-05-19,Carlos Brito,Carga de Bateria,Avenida Paulista,Rua dos Pinheiros,Ford Ka,80.00,,40.0,120.00,Cancelado pelo Prestador
323,3,7,4580,2024-05-02,Fernanda Souza,Remoção,Rua das Flores,Praça da Sé,Fiat Uno,180.00,40.0,40.0,260.00,Cancelado pela Seguradora
324,3,1,1254,2024-05-21,Carlos Brito,Troca de Pneus,Rua dos Pinheiros,Rua XV de Novembro,Fiat Uno,80.00,,40.0,120.00,Cancelado pelo Prestador
325,1,12,9482,2024-05-17,Paulo Lima,Remoção,Rua dos Pinheiros,Rua das Flores,Honda Civic,180.00,,40.0,220.00,Tempo expirado
326,1,4,1035,2024-05-06,Paulo Lima,Troca de Pneus,Rua das Flores,Rua XV de Novembro,Toyota Corolla,80.00,,,80.00,Tempo expirado
327,2,13,2935,2024-05-06,Fernanda Souza,Carga de Bateria,Avenida Paulista,Rua XV de Novembro,Fiat Uno,80.00,40.0,,120.00,Cancelado pelo Prestador
328,3,8,4595,2024-05-06,Fernanda Souza,Troca de Pneus,Avenida Paulista,Avenida Paulista,Chevrolet Onix,80.00,40.0,40.0,160.00,Tempo expirado
329,1,6,2201,2024-05-04,Fernanda Souza,Carga de Bateria,Avenida Paulista,Rua das Flores,Honda Civic,80.00,,,80.00,Cancelado pela Seguradora
330,1,5,4480,2024-05-23,Fernanda Souza,Carga de Bateria,Avenida Paulista,Rua das Flores,Chevrolet Onix,80.00,,,80.00,Cancelado pelo Cliente
331,2,15,8768,2024-05-12,Joana Silva,Troca de Pneus,Rua das Flores,Avenida Paulista,Toyota Corolla,80.00,40.0,,120.00,Cancelado pelo Cliente
332,3,4,8761,2024-05-16,Carlos Miguel,Remoção,Avenida Paulista,Rua dos Pinheiros,Chevrolet Onix,180.00,,40.0,220.00,Tempo expirado
333,3,16,7347,2024-05-06,Paulo Lima,Troca de Pneus,Rua das Flores,Rua XV de Novembro,Honda Civic,80.00,40.0,40.0,160.00,Cancelado pela Seguradora
334,1,10,6495,2024-06-02,Carlos Brito,Remoção,Rua dos Pinheiros,Rua XV de Novembro,Fiat Uno,180.00,40.0,40.0,260.00,Cancelado pelo Cliente
335,2,2,2256,2024-06-14,Carlos Miguel,Remoção,Rua das Flores,Avenida Paulista,Fiat Uno,180.00,40.0,40.0,260.00,Cancelado pela Seguradora
336,2,19,9855,2024-06-16,Fernanda Souza,Troca de Pneus,Rua dos Pinheiros,Praça da Sé,Fiat Uno,80.00,,40.0,120.00,Tempo expirado
337,3,18,5419,2024-06-17,Joana Silva,Carga de Bateria,Rua das Flores,Praça da Sé,Chevrolet Onix,80.00,40.0,40.0,160.00,Tempo expirado
338,1,7,8724,2024-06-10,Paulo Lima,Troca de Pneus,Praça da Sé,Rua dos Pinheiros,Toyota Corolla,80.00,,,80.00,Cancelado pelo Cliente
339,3,5,9007,2024-06-24,Carlos Miguel,Remoção,Avenida Paulista,Praça da Sé,Fiat Uno,180.00,,40.0,220.00,Cancelado pelo Cliente
340,1,7,7979,2024-06-26,Carlos Miguel,Carga de Bateria,Rua das Flores,Praça da Sé,Toyota Corolla,80.00,40.0,40.0,160.00,Cancelado pela Seguradora
341,2,7,5785,2024-06-14,Carlos Miguel,Troca de Pneus,Rua das Flores,Rua XV de Novembro,Ford Ka,80.00,,,80.00,Cancelado pelo Prestador
342,3,17,7101,2024-06-04,Fernanda Souza,Remoção,Rua XV de Novembro,Rua das Flores,Fiat Uno,180.00,40.0,40.0,260.00,Cancelado pelo Prestador
343,1,10,5260,2024-06-12,Fernanda Souza,Carga de Bateria,Praça da Sé,Avenida Paulista,Ford Ka,80.00,,,80.00,Cancelado pelo Prestador
344,3,19,4706,2024-06-26,Fernanda Souza,Troca de Pneus,Rua das Flores,Rua XV de Novembro,Ford Ka,80.00,40.0,,120.00,Tempo expirado
345,2,7,8495,2024-06-13,Joana Silva,Remoção,Avenida Paulista,Rua XV de Novembro,Toyota Corolla,180.00,,,180.00,Cancelado pela Seguradora
346,1,16,3794,2024-06-05,Carlos Brito,Carga de Bateria,Rua dos Pinheiros,Praça da Sé,Chevrolet Onix,80.00,40.0,,120.00,Cancelado pela Seguradora
347,1,9,3999,2024-06-25,Joana Silva,Troca de Pneus,Avenida Paulista,Rua das Flores,Honda Civic,80.00,,40.0,120.00,Cancelado pelo Prestador
348,2,17,4489,2024-06-20,Carlos Brito,Troca de Pneus,Rua XV de Novembro,Praça da Sé,Chevrolet Onix,80.00,,40.0,120.00,Tempo expirado
349,2,11,6482,2024-06-05,Joana Silva,Remoção,Praça da Sé,Rua XV de Novembro,Honda Civic,180.00,,,180.00,Tempo expirado
350,1,20,4320,2024-06-22,Carlos Miguel,Carga de Bateria,Rua XV de Novembro,Rua dos Pinheiros,Fiat Uno,80.00,40.0,,120.00,Cancelado pelo Cliente
351,2,20,8844,2024-06-17,Paulo Lima,Carga de Bateria,Praça da Sé,Rua dos Pinheiros,Toyota Corolla,80.00,,,80.00,Cancelado pelo Cliente
352,1,4,4065,2024-06-19,Paulo Lima,Carga de Bateria,Rua dos Pinheiros,Rua das Flores,Chevrolet Onix,80.00,40.0,,120.00,Cancelado pelo Cliente
353,3,18,7826,2024-06-03,Carlos Brito,Carga de Bateria,Avenida Paulista,Rua dos Pinheiros,Honda Civic,80.00,,40.0,120.00,Cancelado pela Seguradora
354,2,20,1498,2024-06-05,Paulo Lima,Remoção,Rua XV de Novembro,Praça da Sé,Toyota Corolla,180.00,,40.0,220.00,Cancelado pela Seguradora
355,3,13,7406,2024-06-16,Carlos Brito,Remoção,Rua XV de Novembro,Praça da Sé,Fiat Uno,180.00,40.0,40.0,260.00,Cancelado pela Seguradora
356,3,11,5690,2024-06-18,Carlos Brito,Carga de Bateria,Praça da Sé,Rua XV de Novembro,Chevrolet Onix,80.00,,,80.00,Tempo expirado
357,3,7,1864,2024-06-17,Carlos Miguel,Carga de Bateria,Avenida Paulista,Rua das Flores,Ford Ka,80.00,40.0,,120.00,Cancelado pelo Cliente
358,3,8,9243,2024-06-10,Carlos Brito,Carga de Bateria,Avenida Paulista,Avenida Paulista,Toyota Corolla,80.00,40.0,40.0,160.00,Cancelado pela Seguradora
359,3,19,5891,2024-06-25,Joana Silva,Troca de Pneus,Rua das Flores,Praça da Sé,Honda Civic,80.00,,,80.00,Cancelado pela Seguradora
360,1,18,1408,2024-06-17,Paulo Lima,Remoção,Rua das Flores,Rua XV de Novembro,Chevrolet Onix,180.00,40.0,,220.00,Cancelado pelo Cliente
361,3,7,9803,2024-06-17,Paulo Lima,Remoção,Avenida Paulista,Avenida Paulista,Ford Ka,180.00,,40.0,220.00,Cancelado pela Seguradora
362,1,1,9181,2024-06-17,Carlos Miguel,Troca de Pneus,Rua XV de Novembro,Avenida Paulista,Toyota Corolla,80.00,40.0,,120.00,Cancelado pelo Prestador
363,3,4,1590,2024-06-27,Carlos Miguel,Remoção,Avenida Paulista,Rua dos Pinheiros,Toyota Corolla,180.00,40.0,,220.00,Tempo expirado
364,2,17,8883,2024-07-26,Carlos Miguel,Troca de Pneus,Rua dos Pinheiros,Rua das Flores,Honda Civic,80.00,40.0,,120.00,Cancelado pelo Prestador
365,3,17,2238,2024-07-17,Joana Silva,Remoção,Praça da Sé,Rua das Flores,Toyota Corolla,180.00,40.0,40.0,260.00,Cancelado pelo Cliente
366,1,19,4099,2024-07-16,Fernanda Souza,Remoção,Praça da Sé,Rua XV de Novembro,Chevrolet Onix,180.00,40.0,40.0,260.00,Cancelado pela Seguradora
367,3,17,6781,2024-07-12,Carlos Brito,Remoção,Rua dos Pinheiros,Avenida Paulista,Fiat Uno,180.00,,,180.00,Cancelado pela Seguradora
368,2,20,1479,2024-07-12,Carlos Brito,Troca de Pneus,Rua XV de Novembro,Rua dos Pinheiros,Chevrolet Onix,80.00,,40.0,120.00,Tempo expirado
369,3,6,2848,2024-07-24,Fernanda Souza,Remoção,Rua XV de Novembro,Rua XV de Novembro,Chevrolet Onix,180.00,40.0,40.0,260.00,Cancelado pela Seguradora
370,2,17,7506,2024-07-08,Carlos Brito,Carga de Bateria,Avenida Paulista,Avenida Paulista,Fiat Uno,80.00,,,80.00,Cancelado pelo Cliente
371,2,19,1627,2024-07-13,Paulo Lima,Carga de Bateria,Praça da Sé,Rua das Flores,Chevrolet Onix,80.00,,,80.00,Tempo expirado
372,1,15,2058,2024-07-21,Fernanda Souza,Troca de Pneus,Rua das Flores,Praça da Sé,Fiat Uno,80.00,40.0,,120.00,Tempo expirado
373,3,2,3973,2024-07-20,Fernanda Souza,Troca de Pneus,Rua dos Pinheiros,Rua XV de Novembro,Toyota Corolla,80.00,40.0,,120.00,Tempo expirado
374,1,16,3327,2024-07-04,Fernanda Souza,Remoção,Avenida Paulista,Avenida Paulista,Toyota Corolla,180.00,40.0,,220.00,Cancelado pelo Cliente
375,3,4,7366,2024-07-27,Carlos Miguel,Troca de Pneus,Rua XV de Novembro,Rua dos Pinheiros,Honda Civic,80.00,40.0,,120.00,Tempo expirado
376,1,15,7137,2024-07-18,Paulo Lima,Carga de Bateria,Rua dos Pinheiros,Rua dos Pinheiros,Fiat Uno,80.00,40.0,40.0,160.00,Cancelado pela Seguradora
377,1,11,7554,2024-07-05,Fernanda Souza,Carga de Bateria,Rua dos Pinheiros,Rua XV de Novembro,Fiat Uno,80.00,40.0,,120.00,Cancelado pelo Cliente
378,2,20,8949,2024-07-15,Carlos Miguel,Remoção,Avenida Paulista,Rua dos Pinheiros,Toyota Corolla,180.00,,40.0,220.00,Cancelado pelo Cliente
379,2,6,2413,2024-07-15,Joana Silva,Carga de Bateria,Rua XV de Novembro,Rua XV de Novembro,Ford Ka,80.00,40.0,40.0,160.00,Cancelado pelo Prestador
380,1,19,1414,2024-07-09,Paulo Lima,Remoção,Rua dos Pinheiros,Rua dos Pinheiros,Toyota Corolla,180.00,,40.0,220.00,Tempo expirado
381,3,10,8772,2024-07-19,Carlos Miguel,Remoção,Rua XV de Novembro,Rua XV de Novembro,Ford Ka,180.00,,,180.00,Cancelado pelo Cliente
382,3,20,5898,2024-07-19,Carlos Miguel,Carga de Bateria,Rua das Flores,Avenida Paulista,Fiat Uno,80.00,,,80.00,Cancelado pelo Prestador
383,1,19,1622,2024-07-07,Carlos Brito,Remoção,Praça da Sé,Rua das Flores,Chevrolet Onix,180.00,,,180.00,Cancelado pelo Prestador
384,3,11,3732,2024-07-19,Paulo Lima,Carga de Bateria,Praça da Sé,Rua dos Pinheiros,Fiat Uno,80.00,,40.0,120.00,Cancelado pela Seguradora
385,2,6,8833,2024-08-26,Carlos Miguel,Carga de Bateria,Praça da Sé,Avenida Paulista,Fiat Uno,80.00,,,80.00,Tempo expirado
386,1,20,7161,2024-08-16,Paulo Lima,Remoção,Rua XV de Novembro,Rua XV de Novembro,Ford Ka,180.00,,40.0,220.00,Tempo expirado
387,1,13,7812,2024-08-06,Paulo Lima,Carga de Bateria,Avenida Paulista,Rua das Flores,Fiat Uno,80.00,,,80.00,Cancelado pela Seguradora
388,3,5,6711,2024-08-11,Joana Silva,Carga de Bateria,Avenida Paulista,Avenida Paulista,Chevrolet Onix,80.00,40.0,40.0,160.00,Tempo expirado
389,1,20,4186,2024-08-18,Paulo Lima,Troca de Pneus,Rua das Flores,Avenida Paulista,Ford Ka,80.00,40.0,40.0,160.00,Cancelado pelo Cliente
390,1,14,9740,2024-08-24,Joana Silva,Remoção,Praça da Sé,Rua XV de Novembro,Ford Ka,180.00,40.0,40.0,260.00,Cancelado pelo Cliente
391,2,15,6566,2024-08-11,Joana Silva,Remoção,Avenida Paulista,Rua das Flores,Honda Civic,180.00,40.0,,220.00,Cancelado pelo Prestador
392,2,18,3632,2024-08-16,Paulo Lima,Carga de Bateria,Praça da Sé,Rua dos Pinheiros,Ford Ka,80.00,40.0,40.0,160.00,Tempo expirado
393,3,16,4198,2024-08-25,Carlos Miguel,Troca de Pneus,Avenida Paulista,Rua XV de Novembro,Ford Ka,80.00,,40.0,120.00,Tempo expirado
394,3,11,5425,2024-08-19,Carlos Miguel,Troca de Pneus,Rua das Flores,Avenida Paulista,Toyota Corolla,80.00,,,80.00,Cancelado pelo Cliente
395,3,14,6592,2024-08-14,Carlos Miguel,Troca de Pneus,Praça da Sé,Rua dos Pinheiros,Fiat Uno,80.00,,40.0,120.00,Tempo expirado
396,2,13,3629,2024-08-14,Carlos Miguel,Troca de Pneus,Praça da Sé,Rua das Flores,Toyota Corolla,80.00,40.0,40.0,160.00,Cancelado pelo Prestador
397,3,11,2439,2024-08-22,Carlos Miguel,Carga de Bateria,Avenida Paulista,Rua XV de Novembro,Ford Ka,80.00,40.0,40.0,160.00,Cancelado pelo Prestador
398,1,4,7701,2024-08-07,Paulo Lima,Remoção,Praça da Sé,Avenida Paulista,Ford Ka,180.00,,,180.00,Cancelado pelo Cliente
399,1,18,1371,2024-08-23,Carlos Brito,Troca de Pneus,Avenida Paulista,Praça da Sé,Honda Civic,80.00,40.0,,120.00,Cancelado pelo Cliente
400,3,19,6043,2024-08-10,Carlos Brito,Remoção,Rua das Flores,Rua dos Pinheiros,Ford Ka,180.00,40.0,40.0,260.00,Cancelado pelo Cliente
401,3,18,4154,2024-08-21,Fernanda Souza,Remoção,Avenida Paulista,Rua dos Pinheiros,Fiat Uno,180.00,40.0,40.0,260.00,Cancelado pela Seguradora
402,1,6,2206,2024-08-14,Fernanda Souza,Troca de Pneus,Praça da Sé,Praça da Sé,Ford Ka,80.00,,,80.00,Cancelado pela Seguradora
403,3,6,7252,2024-08-17,Carlos Miguel,Remoção,Rua XV de Novembro,Rua das Flores,Honda Civic,180.00,,,180.00,Cancelado pelo Cliente
404,3,4,8027,2024-08-02,Carlos Miguel,Carga de Bateria,Rua dos Pinheiros,Rua XV de Novembro,Honda Civic,80.00,40.0,40.0,160.00,Cancelado pelo Cliente
405,1,8,8080,2024-08-11,Carlos Miguel,Remoção,Rua XV de Novembro,Rua dos Pinheiros,Honda Civic,180.00,40.0,40.0,260.00,Cancelado pela Seguradora
406,2,7,6375,2024-08-19,Carlos Brito,Carga de Bateria,Rua XV de Novembro,Rua dos Pinheiros,Toyota Corolla,80.00,,,80.00,Cancelado pelo Prestador
407,3,13,7106,2024-08-23,Carlos Miguel,Troca de Pneus,Rua XV de Novembro,Rua das Flores,Toyota Corolla,80.00,40.0,,120.00,Tempo expirado
408,2,17,6578,2024-08-11,Carlos Brito,Remoção,Rua dos Pinheiros,Rua dos Pinheiros,Honda Civic,180.00,,40.0,220.00,Tempo expirado
409,2,18,3026,2024-08-20,Paulo Lima,Remoção,Rua dos Pinheiros,Praça da Sé,Toyota Corolla,180.00,,40.0,220.00,Cancelado pelo Prestador
410,3,2,3098,2024-08-12,Fernanda Souza,Carga de Bateria,Rua das Flores,Avenida Paulista,Chevrolet Onix,80.00,,40.0,120.00,Cancelado pela Seguradora
411,1,3,1916,2024-08-15,Carlos Brito,Carga de Bateria,Rua dos Pinheiros,Avenida Paulista,Fiat Uno,80.00,40.0,,120.00,Cancelado pelo Prestador
412,3,11,1056,2024-08-11,Paulo Lima,Remoção,Praça da Sé,Praça da Sé,Toyota Corolla,180.00,,,180.00,Tempo expirado
413,2,19,8501,2024-08-19,Paulo Lima,Troca de Pneus,Avenida Paulista,Praça da Sé,Toyota Corolla,80.00,,,80.00,Cancelado pelo Prestador
414,2,7,2872,2024-08-24,Carlos Miguel,Carga de Bateria,Rua XV de Novembro,Rua dos Pinheiros,Toyota Corolla,80.00,,40.0,120.00,Tempo expirado
415,2,10,5424,2024-08-15,Carlos Miguel,Carga de Bateria,Rua dos Pinheiros,Rua das Flores,Honda Civic,80.00,,40.0,120.00,Tempo expirado
416,1,19,5864,2024-08-16,Carlos Brito,Carga de Bateria,Avenida Paulista,Avenida Paulista,Ford Ka,80.00,40.0,,120.00,Cancelado pela Seguradora
417,3,7,9110,2024-08-11,Fernanda Souza,Carga de Bateria,Rua das Flores,Rua XV de Novembro,Ford Ka,80.00,40.0,,120.00,Cancelado pelo Prestador
418,3,9,9659,2024-08-11,Joana Silva,Troca de Pneus,Rua XV de Novembro,Rua XV de Novembro,Honda Civic,80.00,,40.0,120.00,Cancelado pelo Cliente
419,1,6,7983,2024-09-08,Fernanda Souza,Remoção,Rua das Flores,Praça da Sé,Ford Ka,180.00,,,180.00,Cancelado pelo Prestador
420,3,7,2652,2024-09-07,Carlos Miguel,Carga de Bateria,Rua XV de Novembro,Rua dos Pinheiros,Chevrolet Onix,80.00,,40.0,120.00,Tempo expirado
421,3,3,6323,2024-09-21,Carlos Miguel,Remoção,Rua dos Pinheiros,Avenida Paulista,Toyota Corolla,180.00,,,180.00,Tempo expirado
422,3,3,2815,2024-09-03,Joana Silva,Remoção,Rua dos Pinheiros,Praça da Sé,Toyota Corolla,180.00,40.0,,220.00,Cancelado pelo Prestador
423,1,5,6055,2024-09-23,Paulo Lima,Troca de Pneus,Praça da Sé,Rua dos Pinheiros,Ford Ka,80.00,40.0,,120.00,Cancelado pelo Cliente
424,3,14,2285,2024-09-20,Carlos Brito,Carga de Bateria,Rua das Flores,Rua das Flores,Toyota Corolla,80.00,40.0,40.0,160.00,Cancelado pela Seguradora
425,3,17,5859,2024-09-05,Joana Silva,Remoção,Rua das Flores,Rua das Flores,Chevrolet Onix,180.00,,40.0,220.00,Tempo expirado
426,1,12,7095,2024-09-15,Joana Silva,Carga de Bateria,Rua das Flores,Avenida Paulista,Ford Ka,80.00,,,80.00,Cancelado pelo Cliente
427,2,12,4546,2024-09-01,Paulo Lima,Remoção,Rua XV de Novembro,Rua dos Pinheiros,Ford Ka,180.00,40.0,40.0,260.00,Cancelado pelo Cliente
428,3,1,7979,2024-09-18,Carlos Brito,Remoção,Praça da Sé,Praça da Sé,Chevrolet Onix,180.00,40.0,,220.00,Cancelado pelo Prestador
429,3,16,2681,2024-09-13,Joana Silva,Carga de Bateria,Avenida Paulista,Rua dos Pinheiros,Chevrolet Onix,80.00,,40.0,120.00,Cancelado pela Seguradora
430,2,16,9860,2024-09-14,Carlos Miguel,Troca de Pneus,Avenida Paulista,Rua XV de Novembro,Fiat Uno,80.00,40.0,,120.00,Cancelado pela Seguradora
431,1,19,9351,2024-09-10,Fernanda Souza,Carga de Bateria,Praça da Sé,Rua XV de Novembro,Toyota Corolla,80.00,40.0,,120.00,Cancelado pelo Prestador
432,1,4,3666,2024-09-26,Fernanda Souza,Remoção,Rua XV de Novembro,Avenida Paulista,Toyota Corolla,180.00,,40.0,220.00,Cancelado pela Seguradora
433,2,15,5822,2024-09-22,Carlos Brito,Carga de Bateria,Rua dos Pinheiros,Avenida Paulista,Honda Civic,80.00,40.0,,120.00,Tempo expirado
434,1,8,4560,2024-09-19,Carlos Miguel,Remoção,Rua das Flores,Praça da Sé,Chevrolet Onix,180.00,40.0,,220.00,Cancelado pela Seguradora
435,1,12,7325,2024-09-12,Carlos Brito,Remoção,Rua das Flores,Avenida Paulista,Ford Ka,180.00,40.0,40.0,260.00,Cancelado pela Seguradora
436,1,6,9571,2024-09-11,Joana Silva,Troca de Pneus,Rua dos Pinheiros,Rua dos Pinheiros,Fiat Uno,80.00,40.0,40.0,160.00,Tempo expirado
437,3,17,1669,2024-09-06,Carlos Brito,Troca de Pneus,Rua das Flores,Rua XV de Novembro,Ford Ka,80.00,,,80.00,Cancelado pelo Prestador
438,2,16,5200,2024-09-16,Carlos Miguel,Troca de Pneus,Rua das Flores,Rua XV de Novembro,Toyota Corolla,80.00,40.0,,120.00,Tempo expirado
439,1,18,8112,2024-09-12,Carlos Miguel,Remoção,Avenida Paulista,Rua dos Pinheiros,Toyota Corolla,180.00,40.0,,220.00,Tempo expirado
440,1,4,5257,2024-09-14,Fernanda Souza,Carga de Bateria,Rua XV de Novembro,Rua das Flores,Toyota Corolla,80.00,40.0,40.0,160.00,Cancelado pelo Cliente
441,2,5,7852,2024-09-17,Paulo Lima,Troca de Pneus,Praça da Sé,Avenida Paulista,Ford Ka,80.00,40.0,,120.00,Cancelado pela Seguradora
442,3,13,8579,2024-09-14,Paulo Lima,Carga de Bateria,Praça da Sé,Rua XV de Novembro,Toyota Corolla,80.00,40.0,,120.00,Cancelado pelo Cliente
443,1,8,3736,2024-09-26,Carlos Brito,Troca de Pneus,Rua dos Pinheiros,Rua das Flores,Fiat Uno,80.00,40.0,,120.00,Cancelado pelo Prestador
